{"0":{"0":0.1599999964237213,"1":0,"2":0,"3":0,"4":0,"5":0.30000001192092896,"6":-0.75,"7":0,"8":0,"9":0,"10":0.1599999964237213,"11":0.5},"1":{"0":0.8500000238418579,"1":0.03999999910593033,"2":0.03999999910593033,"3":0,"4":-0.03999999910593033,"5":0.800000011920929,"6":0.029999999329447746,"7":1,"8":-0.03999999910593033,"9":-0.05000000074505806,"10":0.8500000238418579,"11":0},"2":{"0":0.20000000298023224,"1":-0.20000000298023224,"2":-0.4000000059604645,"3":0,"4":0.23000000417232513,"5":0.2199999988079071,"6":-0.25999999046325684,"7":1.600000023841858,"8":0.23000000417232513,"9":0.23000000417232513,"10":0.23999999463558197,"11":0},"3":{"0":-0.15000000596046448,"1":0.2800000011920929,"2":0.2800000011920929,"3":0,"4":-0.75,"5":0.23999999463558197,"6":0.2800000011920929,"7":0.44999998807907104,"8":0.25999999046325684,"9":0.25999999046325684,"10":0.38999998569488525,"11":0}}