{"0":{"0":-0.20000000298023224,"1":0.20000000298023224,"2":0.10000000149011612,"3":0.5,"4":0.10000000149011612,"5":-0.5,"6":-0.75,"7":0,"8":-0.75,"9":-0.20000000298023224,"10":0,"11":-1.5},"1":{"0":0.5,"1":0.5,"2":-0.3499999940395355,"3":1,"4":0,"5":-0.75,"6":-0.20000000298023224,"7":0.5,"8":-0.5,"9":0,"10":-0.75,"11":1},"2":{"0":0.10000000149011612,"1":0,"2":0,"3":1.5,"4":-0.20000000298023224,"5":0.5,"6":0.75,"7":-0.5,"8":0,"9":-0.10000000149011612,"10":0,"11":-1.5},"3":{"0":0,"1":0.20000000298023224,"2":0.3499999940395355,"3":1.5,"4":0.3499999940395355,"5":0.5,"6":0,"7":0.5,"8":-0.3499999940395355,"9":0,"10":0.20000000298023224,"11":-1.5}}