{"1":{"0":-0.949999988079071,"1":4.898586880945079e-16,"2":-4.930380657631324e-32,"3":9.797173761890159e-16,"4":0,"5":1,"6":3.0616171314629196e-17,"7":1.2246468525851679e-16,"8":2.4492937051703357e-16,"9":1,"10":0.5,"11":2},"3":{"0":1,"1":-2.4492934404725397e-16,"2":2.465190328815662e-32,"3":0.15000000596046448,"4":0,"5":0.5,"6":0,"7":2,"8":-1.2246468525851679e-16,"9":-0.5,"10":0.5,"11":-2},"6":{"0":1,"1":-2.4492934404725397e-16,"2":2.465190328815662e-32,"3":-1.4695760113439646e-15,"4":0,"5":0.5,"6":0,"7":-2,"8":-1.2246468525851679e-16,"9":-0.5,"10":0.5,"11":-2}}